"Group","Category","Members","Status","Attempts","Member reads","Clicks","Media views","Interactions","Error code","Error"
"Solan Network 34 - Emergency Response","Emergency Response","761","read","1","251","1","0","0","",""
"Jaipur Ward 44 - Emergency Response","Emergency Response","497","read","1","409","0","0","0","",""
"Solan Network 24 - Emergency Response","Emergency Response","227","failed","1","0","0","0","0","131051","Unsupported message type"
"Solan Ward 9 - Emergency Response","Emergency Response","567","read","1","222","2","0","1","",""
"Faridabad Chapter 51 - Emergency Response","Emergency Response","364","read","1","227","0","0","0","",""
"Jaipur Block 33 - Emergency Response","Emergency Response","529","read","1","384","0","0","0","",""
"Sonipat Cell 58 - Emergency Response","Emergency Response","905","read","1","402","3","0","0","",""
"Patiala Unit 22 - Emergency Response","Emergency Response","725","read","1","279","0","0","0","",""
"Rohtak Sector 53 - Emergency Response","Emergency Response","604","read","1","318","0","0","0","",""
"Gurugram Council 23 - Emergency Response","Emergency Response","354","read","1","209","0","0","0","",""
"Hisar Network 20 - Emergency Response","Emergency Response","891","read","1","464","0","0","0","",""
"Sonipat Cell 17 - Emergency Response","Emergency Response","821","read","1","439","0","0","0","",""
"Noida Ward 1 - Emergency Response","Emergency Response","312","read","1","126","0","0","0","",""
"Bhiwani Chapter 41 - Emergency Response","Emergency Response","931","delivered","1","0","0","0","0","",""
"Rohtak Council 2 - Emergency Response","Emergency Response","217","read","1","179","3","0","0","",""
"Gurugram Forum 46 - Emergency Response","Emergency Response","501","read","1","233","0","0","0","",""
"Agra Sector 54 - Emergency Response","Emergency Response","237","read","1","133","0","0","0","",""
"Meerut Unit 58 - Emergency Response","Emergency Response","442","delivered","1","0","0","0","0","",""
"Faridabad Ward 11 - Emergency Response","Emergency Response","335","delivered","1","0","0","0","0","",""
"Jaipur Unit 50 - Emergency Response","Emergency Response","847","delivered","1","0","0","0","0","",""
"Hisar Forum 41 - Emergency Response","Emergency Response","226","read","1","78","0","0","0","",""
"Haridwar Network 12 - Emergency Response","Emergency Response","980","read","1","808","1","0","0","",""
"Sirsa Council 27 - Emergency Response","Emergency Response","585","read","1","470","0","0","0","",""
"Hisar Unit 31 - Emergency Response","Emergency Response","383","delivered","1","0","0","0","0","",""
"Dehradun Council 40 - Emergency Response","Emergency Response","1006","read","1","479","0","0","0","",""
"Faridabad Ward 52 - Emergency Response","Emergency Response","391","read","1","273","0","0","0","",""
"Bhiwani Cell 22 - Emergency Response","Emergency Response","937","read","1","598","0","0","0","",""
"Amritsar Ward 8 - Emergency Response","Emergency Response","582","read","1","184","3","0","0","",""
"Hisar Block 14 - Emergency Response","Emergency Response","969","delivered","1","0","0","0","0","",""
"Yamunanagar Sector 48 - Emergency Response","Emergency Response","688","read","1","394","0","0","1","",""
"Ambala Sector 1 - Emergency Response","Emergency Response","454","read","1","116","2","0","0","",""
"Panchkula Block 2 - Emergency Response","Emergency Response","385","delivered","1","0","0","0","0","",""
"Kota Chapter 29 - Emergency Response","Emergency Response","986","read","1","583","0","0","0","",""
"Ludhiana Council 21 - Emergency Response","Emergency Response","613","read","1","347","0","0","0","",""
"Meerut Forum 11 - Emergency Response","Emergency Response","183","delivered","1","0","0","0","0","",""
"Jaipur Ward 38 - Emergency Response","Emergency Response","423","read","1","189","0","0","0","",""
"Bhiwani Network 33 - Emergency Response","Emergency Response","294","read","1","193","3","0","1","",""
"Panchkula Council 53 - Emergency Response","Emergency Response","876","read","1","555","0","0","0","",""
"Jalandhar Network 14 - Emergency Response","Emergency Response","112","read","1","42","0","0","0","",""
"Jalandhar Cell 44 - Emergency Response","Emergency Response","952","read","1","499","0","0","1","",""
"Faridabad Chapter 44 - Emergency Response","Emergency Response","509","delivered","1","0","0","0","0","",""
"Yamunanagar Ward 37 - Emergency Response","Emergency Response","321","read","1","203","2","0","0","",""
"Sonipat Cell 53 - Emergency Response","Emergency Response","1004","read","1","274","0","0","0","",""
"Patiala Chapter 60 - Emergency Response","Emergency Response","888","delivered","1","0","0","0","0","",""
"Noida Ward 53 - Emergency Response","Emergency Response","301","read","1","124","0","0","0","",""
"Karnal Sector 38 - Emergency Response","Emergency Response","627","delivered","1","0","0","0","0","",""
"Karnal Ward 20 - Emergency Response","Emergency Response","546","read","1","251","0","0","0","",""
"Jalandhar Chapter 23 - Emergency Response","Emergency Response","52","read","1","30","3","0","0","",""
"Bhiwani Council 53 - Emergency Response","Emergency Response","652","delivered","1","0","0","0","0","",""
"Panchkula Network 41 - Emergency Response","Emergency Response","709","delivered","1","0","0","0","0","",""
"Solan Ward 14 - Emergency Response","Emergency Response","458","read","1","181","0","0","0","",""
"Panchkula Forum 8 - Emergency Response","Emergency Response","603","delivered","1","0","0","0","0","",""
"Bhiwani Unit 59 - Emergency Response","Emergency Response","568","read","1","352","0","0","0","",""
"Shimla Circle 12 - Emergency Response","Emergency Response","368","read","1","293","3","0","0","",""
"Hisar Council 1 - Emergency Response","Emergency Response","654","delivered","1","0","0","0","0","",""
"Hisar Unit 24 - Emergency Response","Emergency Response","202","read","1","167","0","0","0","",""
"Hisar Block 54 - Emergency Response","Emergency Response","619","read","1","170","0","0","0","",""
"Shimla Council 34 - Emergency Response","Emergency Response","134","failed","3","0","0","0","0","131056","Pair rate limit hit"
"Haridwar Block 11 - Emergency Response","Emergency Response","480","delivered","1","0","0","0","0","",""
"Karnal Council 29 - Emergency Response","Emergency Response","783","read","1","340","0","0","0","",""
"Solan Council 54 - Emergency Response","Emergency Response","730","delivered","1","0","0","0","0","",""
"Kota Block 50 - Emergency Response","Emergency Response","716","read","1","577","1","0","0","",""
"Ambala Cell 19 - Emergency Response","Emergency Response","669","read","1","345","0","0","0","",""
"Rohtak Unit 15 - Emergency Response","Emergency Response","662","read","1","354","0","0","0","",""
"Panchkula Unit 44 - Emergency Response","Emergency Response","719","read","1","358","0","0","0","",""
"Haridwar Council 47 - Emergency Response","Emergency Response","403","delivered","1","0","0","0","0","",""
"Amritsar Block 7 - Emergency Response","Emergency Response","748","read","1","220","0","0","0","",""
"Jalandhar Chapter 45 - Emergency Response","Emergency Response","817","read","1","567","0","0","0","",""
"Ambala Cell 5 - Emergency Response","Emergency Response","127","read","1","83","1","0","0","",""
"Dehradun Council 24 - Emergency Response","Emergency Response","209","read","1","166","0","0","0","",""
"Gurugram Chapter 54 - Emergency Response","Emergency Response","950","read","1","422","0","0","1","",""
"Faridabad Circle 27 - Emergency Response","Emergency Response","710","read","1","208","0","0","0","",""
"Dehradun Council 19 - Emergency Response","Emergency Response","840","delivered","1","0","0","0","0","",""
"Sirsa Sector 42 - Emergency Response","Emergency Response","232","delivered","1","0","0","0","0","",""
"Panchkula Circle 3 - Emergency Response","Emergency Response","995","read","1","517","0","0","0","",""
"Rohtak Ward 1 - Emergency Response","Emergency Response","628","read","1","296","0","0","0","",""
"Amritsar Block 56 - Emergency Response","Emergency Response","239","delivered","1","0","0","0","0","",""
"Shimla Forum 47 - Emergency Response","Emergency Response","927","read","1","684","3","0","1","",""
"Hisar Circle 27 - Emergency Response","Emergency Response","918","delivered","1","0","0","0","0","",""
"Rohtak Chapter 59 - Emergency Response","Emergency Response","660","read","1","272","0","0","0","",""
"Patiala Network 52 - Emergency Response","Emergency Response","180","delivered","1","0","0","0","0","",""
"Rohtak Sector 44 - Emergency Response","Emergency Response","207","read","1","69","0","0","0","",""
"Bhiwani Forum 19 - Emergency Response","Emergency Response","392","failed","1","0","0","0","0","131047","Re-engagement message required"
"Kota Unit 34 - Emergency Response","Emergency Response","434","read","1","298","0","0","1","",""
"Sirsa Network 27 - Emergency Response","Emergency Response","925","read","1","342","0","0","0","",""
"Faridabad Circle 60 - Emergency Response","Emergency Response","488","failed","3","0","0","0","0","131056","Pair rate limit hit"
"Hisar Circle 46 - Emergency Response","Emergency Response","379","read","1","127","0","0","0","",""
"Jalandhar Network 13 - Emergency Response","Emergency Response","495","read","1","241","0","0","0","",""
"Jaipur Network 36 - Emergency Response","Emergency Response","726","failed","3","0","0","0","0","131000","Something went wrong"
"Patiala Forum 19 - Emergency Response","Emergency Response","390","read","1","145","3","0","0","",""
"Ludhiana Sector 3 - Emergency Response","Emergency Response","752","read","1","225","3","0","0","",""
"Meerut Ward 57 - Emergency Response","Emergency Response","266","read","1","133","0","0","0","",""
"Dehradun Forum 37 - Emergency Response","Emergency Response","27","read","1","21","0","0","0","",""
"Rohtak Block 37 - Emergency Response","Emergency Response","766","delivered","1","0","0","0","0","",""
"Jaipur Forum 28 - Emergency Response","Emergency Response","475","read","1","335","0","0","0","",""
"Meerut Circle 28 - Emergency Response","Emergency Response","785","read","1","370","0","0","0","",""
"Karnal Sector 50 - Emergency Response","Emergency Response","40","delivered","1","0","0","0","0","",""
"Agra Council 11 - Emergency Response","Emergency Response","307","read","1","142","0","0","0","",""
"Noida Unit 7 - Emergency Response","Emergency Response","360","read","1","177","0","0","0","",""
"Sirsa Circle 7 - Emergency Response","Emergency Response","880","read","1","296","0","0","0","",""
"Karnal Chapter 10 - Emergency Response","Emergency Response","680","read","1","407","0","0","0","",""
"Ambala Network 24 - Emergency Response","Emergency Response","459","delivered","1","0","0","0","0","",""
"Sonipat Forum 59 - Emergency Response","Emergency Response","183","read","1","153","0","0","0","",""
"Patiala Sector 37 - Emergency Response","Emergency Response","63","read","1","52","0","0","0","",""
"Gurugram Sector 3 - Emergency Response","Emergency Response","916","read","1","711","0","0","0","",""
"Amritsar Circle 47 - Emergency Response","Emergency Response","912","delivered","1","0","0","0","0","",""
"Dehradun Cell 25 - Emergency Response","Emergency Response","844","read","1","335","0","0","0","",""
"Amritsar Sector 56 - Emergency Response","Emergency Response","999","read","1","327","0","0","0","",""
"Noida Circle 57 - Emergency Response","Emergency Response","566","failed","1","0","0","0","0","131049","Not delivered to maintain healthy ecosystem engagement"
"Yamunanagar Ward 27 - Emergency Response","Emergency Response","238","read","1","192","0","0","0","",""
"Noida Circle 47 - Emergency Response","Emergency Response","396","read","1","295","0","0","0","",""
"Amritsar Circle 27 - Emergency Response","Emergency Response","828","read","1","446","0","0","0","",""
"Jalandhar Forum 45 - Emergency Response","Emergency Response","359","read","1","96","0","0","0","",""
"Ludhiana Sector 55 - Emergency Response","Emergency Response","687","read","1","271","3","0","0","",""
"Ambala Ward 52 - Emergency Response","Emergency Response","490","read","1","385","0","0","0","",""
"Yamunanagar Council 41 - Emergency Response","Emergency Response","174","read","1","129","0","0","0","",""
"Karnal Cell 50 - Emergency Response","Emergency Response","783","read","1","308","2","0","0","",""
"Haridwar Unit 1 - Emergency Response","Emergency Response","300","delivered","1","0","0","0","0","",""
"Kota Cell 9 - Emergency Response","Emergency Response","446","read","1","359","3","0","0","",""
"Gurugram Unit 45 - Emergency Response","Emergency Response","983","read","1","549","0","0","0","",""
"Shimla Unit 22 - Emergency Response","Emergency Response","543","read","1","164","0","0","0","",""
"Jaipur Sector 17 - Emergency Response","Emergency Response","304","delivered","1","0","0","0","0","",""
"Haridwar Sector 48 - Emergency Response","Emergency Response","779","read","1","219","2","0","0","",""
"Amritsar Network 51 - Emergency Response","Emergency Response","182","read","1","150","0","0","0","",""
"Panchkula Sector 4 - Emergency Response","Emergency Response","45","delivered","1","0","0","0","0","",""
"Solan Forum 50 - Emergency Response","Emergency Response","824","read","1","489","0","0","0","",""
"Amritsar Network 38 - Emergency Response","Emergency Response","85","read","1","23","0","0","0","",""
"Dehradun Ward 16 - Emergency Response","Emergency Response","334","delivered","1","0","0","0","0","",""
"Rohtak Network 5 - Emergency Response","Emergency Response","658","delivered","1","0","0","0","0","",""
"Sonipat Ward 46 - Emergency Response","Emergency Response","396","read","1","222","0","0","0","",""
"Ambala Chapter 39 - Emergency Response","Emergency Response","375","read","1","164","0","0","0","",""
"Solan Sector 23 - Emergency Response","Emergency Response","779","read","1","387","0","0","0","",""
"Hisar Network 17 - Emergency Response","Emergency Response","113","delivered","1","0","0","0","0","",""
"Solan Circle 9 - Emergency Response","Emergency Response","953","read","1","515","0","0","0","",""
"Agra Council 9 - Emergency Response","Emergency Response","73","read","1","47","0","0","0","",""
"Kota Network 33 - Emergency Response","Emergency Response","564","read","1","335","0","0","0","",""
"Sirsa Chapter 42 - Emergency Response","Emergency Response","33","read","1","9","0","0","0","",""
"Sirsa Sector 12 - Emergency Response","Emergency Response","242","read","1","88","0","0","0","",""
"Yamunanagar Chapter 38 - Emergency Response","Emergency Response","465","delivered","1","0","0","0","0","",""
"Solan Unit 21 - Emergency Response","Emergency Response","113","delivered","1","0","0","0","0","",""
"Patiala Block 28 - Emergency Response","Emergency Response","760","delivered","1","0","0","0","0","",""
"Jalandhar Block 28 - Emergency Response","Emergency Response","953","read","1","571","0","0","0","",""
"Jalandhar Unit 56 - Emergency Response","Emergency Response","986","delivered","1","0","0","0","0","",""
"Ambala Forum 56 - Emergency Response","Emergency Response","922","delivered","1","0","0","0","0","",""
"Kota Unit 19 - Emergency Response","Emergency Response","303","read","1","234","0","0","1","",""
"Dehradun Network 36 - Emergency Response","Emergency Response","949","read","1","313","0","0","0","",""
"Jaipur Forum 37 - Emergency Response","Emergency Response","43","read","1","26","2","0","0","",""
"Jaipur Cell 56 - Emergency Response","Emergency Response","1022","read","1","502","0","0","0","",""
"Sonipat Sector 41 - Emergency Response","Emergency Response","541","delivered","1","0","0","0","0","",""
"Sirsa Forum 31 - Emergency Response","Emergency Response","614","read","1","456","0","0","0","",""
"Solan Network 46 - Emergency Response","Emergency Response","263","delivered","1","0","0","0","0","",""
"Ludhiana Network 54 - Emergency Response","Emergency Response","758","read","1","634","0","0","0","",""
"Panchkula Block 4 - Emergency Response","Emergency Response","942","read","1","796","2","0","0","",""
"Shimla Sector 36 - Emergency Response","Emergency Response","648","read","1","240","0","0","0","",""
"Rohtak Chapter 4 - Emergency Response","Emergency Response","850","read","1","508","0","0","0","",""
"Kota Sector 18 - Emergency Response","Emergency Response","362","read","1","196","0","0","0","",""
"Gurugram Ward 36 - Emergency Response","Emergency Response","508","read","1","313","0","0","1","",""
"Patiala Block 46 - Emergency Response","Emergency Response","985","read","1","650","0","0","0","",""
"Panchkula Cell 25 - Emergency Response","Emergency Response","261","read","1","127","0","0","0","",""
"Ludhiana Cell 31 - Emergency Response","Emergency Response","867","read","1","280","0","0","0","",""
"Jalandhar Sector 8 - Emergency Response","Emergency Response","499","read","1","279","0","0","0","",""
"Yamunanagar Network 35 - Emergency Response","Emergency Response","670","delivered","1","0","0","0","0","",""
"Noida Council 20 - Emergency Response","Emergency Response","341","failed","3","0","0","0","0","131056","Pair rate limit hit"
"Solan Circle 56 - Emergency Response","Emergency Response","952","delivered","1","0","0","0","0","",""
"Noida Cell 34 - Emergency Response","Emergency Response","918","failed","3","0","0","0","0","131000","Something went wrong"
"Panchkula Unit 52 - Emergency Response","Emergency Response","577","read","1","206","0","0","0","",""
"Jaipur Block 50 - Emergency Response","Emergency Response","677","read","1","262","2","0","0","",""
"Amritsar Network 44 - Emergency Response","Emergency Response","974","delivered","1","0","0","0","0","",""
"Karnal Circle 51 - Emergency Response","Emergency Response","840","delivered","1","0","0","0","0","",""
"Faridabad Sector 49 - Emergency Response","Emergency Response","483","delivered","1","0","0","0","0","",""
"Jaipur Ward 30 - Emergency Response","Emergency Response","645","delivered","1","0","0","0","0","",""
"Faridabad Cell 1 - Emergency Response","Emergency Response","699","read","1","322","0","0","0","",""
"Rohtak Block 4 - Emergency Response","Emergency Response","553","read","1","245","0","0","0","",""
"Meerut Network 33 - Emergency Response","Emergency Response","39","read","1","28","0","0","1","",""
"Noida Forum 13 - Emergency Response","Emergency Response","339","delivered","1","0","0","0","0","",""
"Panchkula Council 1 - Emergency Response","Emergency Response","374","read","1","100","0","0","0","",""
"Haridwar Block 10 - Emergency Response","Emergency Response","284","read","1","235","0","0","0","",""
"Jaipur Sector 21 - Emergency Response","Emergency Response","446","read","1","365","0","0","0","",""
"Noida Council 31 - Emergency Response","Emergency Response","490","read","1","387","0","0","0","",""
"Jalandhar Ward 38 - Emergency Response","Emergency Response","827","delivered","1","0","0","0","0","",""
"Bhiwani Block 6 - Emergency Response","Emergency Response","962","read","1","575","2","0","0","",""
"Dehradun Circle 27 - Emergency Response","Emergency Response","471","delivered","1","0","0","0","0","",""
"Panchkula Block 40 - Emergency Response","Emergency Response","756","read","1","237","0","0","1","",""
"Karnal Network 58 - Emergency Response","Emergency Response","393","read","1","163","0","0","0","",""
"Bhiwani Network 14 - Emergency Response","Emergency Response","946","delivered","1","0","0","0","0","",""
"Amritsar Forum 40 - Emergency Response","Emergency Response","915","read","1","416","0","0","0","",""
"Sirsa Network 9 - Emergency Response","Emergency Response","485","delivered","1","0","0","0","0","",""
"Agra Block 25 - Emergency Response","Emergency Response","317","read","1","229","0","0","0","",""
"Jaipur Sector 29 - Emergency Response","Emergency Response","615","delivered","1","0","0","0","0","",""
"Sirsa Unit 11 - Emergency Response","Emergency Response","179","delivered","1","0","0","0","0","",""
"Ludhiana Chapter 60 - Emergency Response","Emergency Response","102","delivered","1","0","0","0","0","",""
"Agra Cell 53 - Emergency Response","Emergency Response","323","read","1","153","0","0","0","",""
"Faridabad Cell 32 - Emergency Response","Emergency Response","757","read","1","444","0","0","0","",""
"Patiala Unit 59 - Emergency Response","Emergency Response","462","read","1","341","1","0","0","",""
"Haridwar Unit 40 - Emergency Response","Emergency Response","877","read","1","532","1","0","0","",""
"Amritsar Ward 18 - Emergency Response","Emergency Response","120","delivered","1","0","0","0","0","",""
"Ambala Forum 23 - Emergency Response","Emergency Response","73","read","1","41","1","0","0","",""
"Noida Ward 10 - Emergency Response","Emergency Response","259","delivered","1","0","0","0","0","",""
"Ambala Sector 50 - Emergency Response","Emergency Response","893","delivered","1","0","0","0","0","",""
"Ambala Cell 1 - Emergency Response","Emergency Response","571","read","1","158","0","0","0","",""
"Hisar Block 31 - Emergency Response","Emergency Response","527","delivered","1","0","0","0","0","",""
"Shimla Circle 4 - Emergency Response","Emergency Response","904","read","1","640","0","0","0","",""
"Kota Network 9 - Emergency Response","Emergency Response","883","read","1","268","0","0","0","",""
"Panchkula Forum 21 - Emergency Response","Emergency Response","722","read","1","352","3","0","0","",""
"Kota Cell 38 - Emergency Response","Emergency Response","648","delivered","1","0","0","0","0","",""
"Amritsar Block 32 - Emergency Response","Emergency Response","61","delivered","1","0","0","0","0","",""
"Sirsa Block 15 - Emergency Response","Emergency Response","962","read","1","532","0","0","0","",""
"Shimla Block 51 - Emergency Response","Emergency Response","332","read","1","138","0","0","0","",""
"Noida Block 26 - Emergency Response","Emergency Response","746","read","1","435","3","0","0","",""
"Agra Circle 29 - Emergency Response","Emergency Response","714","failed","3","0","0","0","0","130429","Rate limit hit"
"Jalandhar Ward 5 - Emergency Response","Emergency Response","468","read","1","275","0","0","1","",""
"Solan Block 9 - Emergency Response","Emergency Response","372","read","1","181","0","0","0","",""
"Ambala Block 4 - Emergency Response","Emergency Response","627","read","1","213","0","0","1","",""
"Dehradun Network 18 - Emergency Response","Emergency Response","854","delivered","1","0","0","0","0","",""
"Ambala Ward 55 - Emergency Response","Emergency Response","49","read","1","13","0","0","0","",""
"Shimla Forum 27 - Emergency Response","Emergency Response","201","delivered","1","0","0","0","0","",""
"Rohtak Forum 59 - Emergency Response","Emergency Response","743","delivered","1","0","0","0","0","",""
"Jalandhar Circle 50 - Emergency Response","Emergency Response","927","read","1","398","3","0","0","",""
"Sirsa Block 3 - Emergency Response","Emergency Response","569","delivered","1","0","0","0","0","",""
"Sirsa Cell 4 - Emergency Response","Emergency Response","995","read","1","695","0","0","0","",""
"Solan Block 4 - Emergency Response","Emergency Response","372","read","1","147","2","0","0","",""
"Panchkula Network 12 - Emergency Response","Emergency Response","350","read","1","251","0","0","0","",""
"Faridabad Chapter 7 - Emergency Response","Emergency Response","431","read","1","193","0","0","0","",""
"Bhiwani Unit 17 - Emergency Response","Emergency Response","338","read","1","97","0","0","0","",""
"Hisar Sector 23 - Emergency Response","Emergency Response","950","read","1","636","0","0","0","",""
"Gurugram Network 43 - Emergency Response","Emergency Response","575","failed","1","0","0","0","0","133010","Destination not registered"
"Rohtak Chapter 38 - Emergency Response","Emergency Response","978","read","1","478","0","0","0","",""
"Noida Unit 11 - Emergency Response","Emergency Response","523","read","1","419","0","0","0","",""
"Meerut Sector 19 - Emergency Response","Emergency Response","41","read","1","23","0","0","0","",""
"Agra Ward 60 - Emergency Response","Emergency Response","766","read","1","515","0","0","0","",""
"Noida Chapter 6 - Emergency Response","Emergency Response","320","read","1","244","0","0","0","",""
"Sirsa Ward 53 - Emergency Response","Emergency Response","771","delivered","1","0","0","0","0","",""
"Gurugram Unit 13 - Emergency Response","Emergency Response","795","delivered","1","0","0","0","0","",""
"Hisar Unit 53 - Emergency Response","Emergency Response","45","delivered","1","0","0","0","0","",""
"Dehradun Sector 41 - Emergency Response","Emergency Response","253","read","1","115","0","0","1","",""
"Kota Circle 15 - Emergency Response","Emergency Response","797","delivered","1","0","0","0","0","",""
"Ambala Unit 7 - Emergency Response","Emergency Response","384","delivered","1","0","0","0","0","",""
"Dehradun Ward 32 - Emergency Response","Emergency Response","327","delivered","1","0","0","0","0","",""
"Sonipat Circle 39 - Emergency Response","Emergency Response","386","read","1","123","0","0","0","",""
"Solan Chapter 32 - Emergency Response","Emergency Response","575","delivered","1","0","0","0","0","",""
"Bhiwani Unit 46 - Emergency Response","Emergency Response","162","read","1","107","0","0","0","",""
"Agra Network 33 - Emergency Response","Emergency Response","443","read","1","199","0","0","0","",""
"Karnal Network 28 - Emergency Response","Emergency Response","817","delivered","1","0","0","0","0","",""
"Patiala Chapter 58 - Emergency Response","Emergency Response","1020","read","1","834","0","0","0","",""
"Kota Block 12 - Emergency Response","Emergency Response","828","read","1","269","0","0","0","",""
"Jaipur Forum 13 - Emergency Response","Emergency Response","723","read","1","582","0","0","0","",""
"Haridwar Circle 20 - Emergency Response","Emergency Response","223","read","1","117","2","0","0","",""
"Bhiwani Sector 50 - Emergency Response","Emergency Response","410","delivered","1","0","0","0","0","",""
"Yamunanagar Ward 59 - Emergency Response","Emergency Response","597","read","1","246","0","0","0","",""
"Solan Sector 32 - Emergency Response","Emergency Response","201","read","1","96","0","0","0","",""
"Dehradun Network 58 - Emergency Response","Emergency Response","42","read","1","21","0","0","0","",""
"Faridabad Ward 50 - Emergency Response","Emergency Response","653","read","1","467","3","0","0","",""
"Bhiwani Network 34 - Emergency Response","Emergency Response","537","read","1","307","0","0","0","",""
"Hisar Cell 15 - Emergency Response","Emergency Response","794","read","1","377","0","0","0","",""
"Patiala Unit 27 - Emergency Response","Emergency Response","322","read","1","91","0","0","0","",""
"Karnal Council 56 - Emergency Response","Emergency Response","446","delivered","1","0","0","0","0","",""
"Kota Cell 41 - Emergency Response","Emergency Response","72","delivered","1","0","0","0","0","",""
"Jaipur Circle 35 - Emergency Response","Emergency Response","760","delivered","1","0","0","0","0","",""
"Gurugram Cell 46 - Emergency Response","Emergency Response","534","read","1","146","0","0","0","",""
"Sonipat Forum 36 - Emergency Response","Emergency Response","928","read","1","349","0","0","0","",""
"Faridabad Network 1 - Emergency Response","Emergency Response","927","read","1","472","0","0","0","",""
"Sirsa Ward 47 - Emergency Response","Emergency Response","665","delivered","1","0","0","0","0","",""
"Ludhiana Ward 1 - Emergency Response","Emergency Response","806","read","1","560","0","0","0","",""
"Sonipat Network 30 - Emergency Response","Emergency Response","575","read","1","358","0","0","0","",""
"Gurugram Circle 49 - Emergency Response","Emergency Response","141","read","1","103","0","0","0","",""
"Sonipat Council 41 - Emergency Response","Emergency Response","995","failed","3","0","0","0","0","130429","Rate limit hit"
"Patiala Cell 51 - Emergency Response","Emergency Response","997","delivered","1","0","0","0","0","",""
"Patiala Block 45 - Emergency Response","Emergency Response","878","read","1","617","0","0","0","",""
"Yamunanagar Sector 54 - Emergency Response","Emergency Response","612","read","1","167","0","0","0","",""
"Panchkula Circle 43 - Emergency Response","Emergency Response","523","read","1","396","0","0","0","",""
"Shimla Block 11 - Emergency Response","Emergency Response","861","read","1","465","0","0","0","",""
"Hisar Circle 25 - Emergency Response","Emergency Response","766","failed","1","0","0","0","0","131049","Not delivered to maintain healthy ecosystem engagement"
"Amritsar Sector 7 - Emergency Response","Emergency Response","359","delivered","1","0","0","0","0","",""
"Jaipur Forum 54 - Emergency Response","Emergency Response","505","read","1","170","0","0","0","",""
"Gurugram Forum 22 - Emergency Response","Emergency Response","727","read","1","513","0","0","0","",""
"Ambala Network 38 - Emergency Response","Emergency Response","759","delivered","1","0","0","0","0","",""
"Shimla Ward 46 - Emergency Response","Emergency Response","510","read","1","403","0","0","0","",""
"Jaipur Council 19 - Emergency Response","Emergency Response","148","delivered","1","0","0","0","0","",""
"Kota Forum 53 - Emergency Response","Emergency Response","505","read","1","250","0","0","0","",""
"Hisar Circle 18 - Emergency Response","Emergency Response","801","read","1","349","0","0","0","",""
"Yamunanagar Chapter 11 - Emergency Response","Emergency Response","343","read","1","89","0","0","0","",""
"Yamunanagar Sector 14 - Emergency Response","Emergency Response","662","read","1","432","0","0","0","",""
"Haridwar Forum 22 - Emergency Response","Emergency Response","404","read","1","276","3","0","0","",""
"Hisar Forum 51 - Emergency Response","Emergency Response","796","read","1","214","0","0","0","",""
"Hisar Unit 20 - Emergency Response","Emergency Response","678","read","1","405","0","0","0","",""
"Shimla Forum 37 - Emergency Response","Emergency Response","937","read","1","510","0","0","0","",""
"Kota Chapter 26 - Emergency Response","Emergency Response","866","delivered","1","0","0","0","0","",""
"Dehradun Forum 41 - Emergency Response","Emergency Response","517","read","1","419","0","0","0","",""
"Solan Block 2 - Emergency Response","Emergency Response","477","delivered","1","0","0","0","0","",""
"Meerut Circle 32 - Emergency Response","Emergency Response","530","read","1","305","0","0","1","",""
"Jalandhar Chapter 3 - Emergency Response","Emergency Response","272","read","1","175","0","0","0","",""
"Yamunanagar Sector 27 - Emergency Response","Emergency Response","972","delivered","1","0","0","0","0","",""
"Patiala Council 51 - Emergency Response","Emergency Response","961","read","1","515","3","0","0","",""
"Patiala Cell 42 - Emergency Response","Emergency Response","395","delivered","1","0","0","0","0","",""
"Ludhiana Council 45 - Emergency Response","Emergency Response","582","read","1","446","0","0","0","",""
"Karnal Network 14 - Emergency Response","Emergency Response","313","read","1","91","0","0","0","",""
"Agra Circle 4 - Emergency Response","Emergency Response","652","read","1","368","0","0","0","",""
"Dehradun Chapter 29 - Emergency Response","Emergency Response","241","read","1","90","0","0","0","",""
"Amritsar Circle 51 - Emergency Response","Emergency Response","623","read","1","291","0","0","1","",""
"Kota Unit 39 - Emergency Response","Emergency Response","67","read","1","40","0","0","1","",""
"Karnal Circle 57 - Emergency Response","Emergency Response","186","read","1","90","0","0","0","",""
"Ludhiana Cell 21 - Emergency Response","Emergency Response","620","read","1","514","0","0","0","",""
"Noida Circle 5 - Emergency Response","Emergency Response","229","delivered","1","0","0","0","0","",""
"Panchkula Cell 47 - Emergency Response","Emergency Response","388","read","1","128","0","0","0","",""
"Haridwar Sector 32 - Emergency Response","Emergency Response","401","read","1","144","0","0","0","",""
"Haridwar Unit 44 - Emergency Response","Emergency Response","989","delivered","1","0","0","0","0","",""
"Bhiwani Network 8 - Emergency Response","Emergency Response","98","delivered","1","0","0","0","0","",""
"Karnal Network 11 - Emergency Response","Emergency Response","658","read","1","238","0","0","0","",""
"Gurugram Ward 14 - Emergency Response","Emergency Response","556","read","1","160","1","0","0","",""
"Yamunanagar Cell 33 - Emergency Response","Emergency Response","25","delivered","1","0","0","0","0","",""
"Meerut Chapter 47 - Emergency Response","Emergency Response","147","read","1","109","0","0","0","",""
"Agra Chapter 14 - Emergency Response","Emergency Response","800","read","1","512","0","0","1","",""
"Noida Forum 60 - Emergency Response","Emergency Response","261","delivered","1","0","0","0","0","",""
"Rohtak Forum 55 - Emergency Response","Emergency Response","94","read","1","34","1","0","0","",""
"Agra Block 7 - Emergency Response","Emergency Response","556","read","1","275","0","0","1","",""
"Gurugram Ward 32 - Emergency Response","Emergency Response","946","read","1","251","0","0","1","",""
"Patiala Network 45 - Emergency Response","Emergency Response","447","delivered","1","0","0","0","0","",""
"Karnal Cell 11 - Emergency Response","Emergency Response","353","read","1","236","2","0","0","",""
"Agra Circle 41 - Emergency Response","Emergency Response","644","read","1","229","0","0","0","",""
"Faridabad Chapter 23 - Emergency Response","Emergency Response","785","read","1","406","0","0","0","",""
"Rohtak Ward 56 - Emergency Response","Emergency Response","537","delivered","1","0","0","0","0","",""
"Sonipat Ward 3 - Emergency Response","Emergency Response","772","read","1","597","0","0","0","",""
"Shimla Forum 15 - Emergency Response","Emergency Response","283","delivered","1","0","0","0","0","",""
"Dehradun Circle 40 - Emergency Response","Emergency Response","265","read","1","160","0","0","0","",""
"Patiala Circle 10 - Emergency Response","Emergency Response","324","failed","3","0","0","0","0","131000","Something went wrong"
"Sonipat Chapter 27 - Emergency Response","Emergency Response","272","delivered","1","0","0","0","0","",""
"Bhiwani Circle 31 - Emergency Response","Emergency Response","820","read","1","629","0","0","0","",""
"Karnal Cell 5 - Emergency Response","Emergency Response","659","read","1","418","0","0","0","",""
"Meerut Ward 41 - Emergency Response","Emergency Response","544","read","1","406","0","0","0","",""
"Rohtak Circle 5 - Emergency Response","Emergency Response","314","read","1","257","0","0","0","",""
"Amritsar Circle 50 - Emergency Response","Emergency Response","780","read","1","586","0","0","0","",""
"Ambala Sector 31 - Emergency Response","Emergency Response","352","failed","3","0","0","0","0","131000","Something went wrong"
"Kota Network 20 - Emergency Response","Emergency Response","292","failed","1","0","0","0","0","131049","Not delivered to maintain healthy ecosystem engagement"
"Dehradun Circle 39 - Emergency Response","Emergency Response","68","read","1","54","0","0","0","",""
"Noida Council 40 - Emergency Response","Emergency Response","838","read","1","282","0","0","0","",""
"Meerut Forum 35 - Emergency Response","Emergency Response","350","read","1","88","0","0","0","",""
"Shimla Circle 50 - Emergency Response","Emergency Response","61","read","1","22","0","0","0","",""
"Dehradun Ward 57 - Emergency Response","Emergency Response","106","read","1","33","0","0","0","",""
"Faridabad Network 53 - Emergency Response","Emergency Response","87","read","1","29","0","0","0","",""
"Agra Block 28 - Emergency Response","Emergency Response","589","read","1","288","3","0","0","",""
"Amritsar Circle 52 - Emergency Response","Emergency Response","892","read","1","534","0","0","0","",""
"Solan Unit 21 - Emergency Response","Emergency Response","996","read","1","321","0","0","0","",""
"Patiala Sector 22 - Emergency Response","Emergency Response","98","delivered","1","0","0","0","0","",""
"Bhiwani Unit 39 - Emergency Response","Emergency Response","669","read","1","318","3","0","0","",""
"Noida Cell 42 - Emergency Response","Emergency Response","745","read","1","530","2","0","0","",""
"Yamunanagar Network 15 - Emergency Response","Emergency Response","970","read","1","568","0","0","0","",""
"Hisar Council 26 - Emergency Response","Emergency Response","880","read","1","404","0","0","0","",""
"Hisar Circle 9 - Emergency Response","Emergency Response","561","read","1","433","0","0","0","",""
"Kota Chapter 11 - Emergency Response","Emergency Response","721","read","1","357","0","0","0","",""
"Haridwar Network 57 - Emergency Response","Emergency Response","505","delivered","1","0","0","0","0","",""
"Shimla Network 29 - Emergency Response","Emergency Response","655","read","1","500","0","0","0","",""
"Dehradun Circle 24 - Emergency Response","Emergency Response","264","read","1","206","1","0","0","",""
"Amritsar Network 2 - Emergency Response","Emergency Response","481","read","1","148","0","0","0","",""
"Gurugram Cell 14 - Emergency Response","Emergency Response","205","read","1","77","1","0","0","",""
"Panchkula Block 33 - Emergency Response","Emergency Response","232","read","1","80","0","0","0","",""
"Karnal Network 3 - Emergency Response","Emergency Response","492","read","1","314","0","0","0","",""
"Jalandhar Unit 26 - Emergency Response","Emergency Response","153","read","1","55","0","0","0","",""
"Ludhiana Unit 21 - Emergency Response","Emergency Response","911","read","1","645","0","0","0","",""
"Karnal Sector 45 - Emergency Response","Emergency Response","176","read","1","53","0","0","0","",""
"Haridwar Network 17 - Emergency Response","Emergency Response","626","delivered","1","0","0","0","0","",""
"Gurugram Chapter 60 - Emergency Response","Emergency Response","407","delivered","1","0","0","0","0","",""
"Sirsa Chapter 23 - Emergency Response","Emergency Response","440","failed","1","0","0","0","0","131047","Re-engagement message required"
"Patiala Council 50 - Emergency Response","Emergency Response","483","read","1","346","0","0","0","",""
"Jaipur Council 27 - Emergency Response","Emergency Response","120","delivered","1","0","0","0","0","",""
"Amritsar Forum 13 - Emergency Response","Emergency Response","558","read","1","366","0","0","0","",""
"Rohtak Circle 28 - Emergency Response","Emergency Response","699","read","1","203","0","0","0","",""
"Noida Network 27 - Emergency Response","Emergency Response","555","read","1","150","0","0","0","",""
"Yamunanagar Council 49 - Emergency Response","Emergency Response","148","delivered","1","0","0","0","0","",""
"Gurugram Unit 12 - Emergency Response","Emergency Response","51","read","1","36","0","0","0","",""
"Hisar Chapter 45 - Emergency Response","Emergency Response","895","delivered","1","0","0","0","0","",""
"Hisar Council 53 - Emergency Response","Emergency Response","149","read","1","65","0","0","0","",""
"Rohtak Chapter 33 - Emergency Response","Emergency Response","169","read","1","54","0","0","0","",""
"Bhiwani Council 6 - Emergency Response","Emergency Response","448","read","1","121","0","0","0","",""
"Dehradun Council 34 - Emergency Response","Emergency Response","417","delivered","1","0","0","0","0","",""
"Faridabad Cell 60 - Emergency Response","Emergency Response","864","delivered","1","0","0","0","0","",""
"Sonipat Ward 48 - Emergency Response","Emergency Response","976","read","1","637","0","0","0","",""
"Ambala Cell 49 - Emergency Response","Emergency Response","979","read","1","386","1","0","0","",""
"Shimla Forum 59 - Emergency Response","Emergency Response","435","delivered","1","0","0","0","0","",""
"Jaipur Circle 11 - Emergency Response","Emergency Response","315","read","1","84","0","0","0","",""
"Karnal Sector 12 - Emergency Response","Emergency Response","100","read","1","80","0","0","0","",""
"Sonipat Circle 1 - Emergency Response","Emergency Response","165","read","1","88","0","0","1","",""
"Rohtak Block 16 - Emergency Response","Emergency Response","755","delivered","1","0","0","0","0","",""
"Sonipat Sector 42 - Emergency Response","Emergency Response","692","read","1","387","0","0","0","",""
"Amritsar Chapter 12 - Emergency Response","Emergency Response","438","read","1","278","0","0","0","",""
"Ambala Ward 17 - Emergency Response","Emergency Response","338","delivered","1","0","0","0","0","",""
"Amritsar Cell 35 - Emergency Response","Emergency Response","270","read","1","168","0","0","0","",""
"Meerut Council 33 - Emergency Response","Emergency Response","779","delivered","1","0","0","0","0","",""
"Shimla Unit 46 - Emergency Response","Emergency Response","372","read","1","272","0","0","0","",""
"Rohtak Circle 7 - Emergency Response","Emergency Response","756","delivered","1","0","0","0","0","",""
"Yamunanagar Council 12 - Emergency Response","Emergency Response","182","delivered","1","0","0","0","0","",""
"Noida Ward 23 - Emergency Response","Emergency Response","676","read","1","368","0","0","0","",""
"Jalandhar Council 9 - Emergency Response","Emergency Response","536","delivered","1","0","0","0","0","",""
"Agra Network 58 - Emergency Response","Emergency Response","841","read","1","398","1","0","0","",""
"Noida Council 13 - Emergency Response","Emergency Response","802","read","1","671","0","0","0","",""
"Kota Chapter 41 - Emergency Response","Emergency Response","385","delivered","1","0","0","0","0","",""
"Hisar Ward 57 - Emergency Response","Emergency Response","917","delivered","1","0","0","0","0","",""
"Haridwar Block 54 - Emergency Response","Emergency Response","674","read","1","217","0","0","1","",""
"Panchkula Ward 50 - Emergency Response","Emergency Response","876","read","1","707","0","0","0","",""
"Solan Forum 59 - Emergency Response","Emergency Response","322","read","1","87","0","0","1","",""
"Hisar Block 24 - Emergency Response","Emergency Response","532","read","1","231","0","0","0","",""
"Patiala Cell 23 - Emergency Response","Emergency Response","357","failed","3","0","0","0","0","130429","Rate limit hit"
"Agra Circle 32 - Emergency Response","Emergency Response","147","read","1","109","3","0","0","",""
"Panchkula Network 3 - Emergency Response","Emergency Response","585","delivered","1","0","0","0","0","",""
"Dehradun Circle 49 - Emergency Response","Emergency Response","734","read","1","222","0","0","1","",""
"Ambala Block 48 - Emergency Response","Emergency Response","390","read","1","107","0","0","0","",""
"Hisar Ward 15 - Emergency Response","Emergency Response","1015","read","1","510","0","0","0","",""
"Ambala Circle 13 - Emergency Response","Emergency Response","368","read","1","237","2","0","0","",""
"Noida Council 19 - Emergency Response","Emergency Response","667","read","1","486","0","0","0","",""
"Meerut Unit 12 - Emergency Response","Emergency Response","968","read","1","721","0","0","0","",""
"Faridabad Cell 51 - Emergency Response","Emergency Response","991","delivered","1","0","0","0","0","",""
"Amritsar Ward 19 - Emergency Response","Emergency Response","456","read","1","173","0","0","0","",""
"Faridabad Ward 56 - Emergency Response","Emergency Response","34","delivered","1","0","0","0","0","",""
"Agra Forum 57 - Emergency Response","Emergency Response","714","delivered","1","0","0","0","0","",""
"Noida Block 36 - Emergency Response","Emergency Response","230","delivered","1","0","0","0","0","",""
"Hisar Cell 34 - Emergency Response","Emergency Response","800","read","1","572","0","0","0","",""
"Amritsar Circle 51 - Emergency Response","Emergency Response","816","delivered","1","0","0","0","0","",""
"Kota Chapter 4 - Emergency Response","Emergency Response","408","read","1","329","0","0","0","",""
"Ludhiana Chapter 52 - Emergency Response","Emergency Response","731","read","1","324","1","0","0","",""
"Gurugram Council 49 - Emergency Response","Emergency Response","236","read","1","147","0","0","0","",""
"Karnal Sector 35 - Emergency Response","Emergency Response","471","delivered","1","0","0","0","0","",""
"Hisar Council 51 - Emergency Response","Emergency Response","739","failed","1","0","0","0","0","131051","Unsupported message type"
"Dehradun Forum 59 - Emergency Response","Emergency Response","605","read","1","291","3","0","1","",""
"Shimla Circle 57 - Emergency Response","Emergency Response","349","read","1","154","0","0","0","",""
"Amritsar Chapter 45 - Emergency Response","Emergency Response","349","read","1","204","0","0","0","",""
"Sonipat Chapter 35 - Emergency Response","Emergency Response","280","read","1","140","1","0","0","",""
"Sirsa Cell 37 - Emergency Response","Emergency Response","716","read","1","249","0","0","0","",""
"Rohtak Circle 42 - Emergency Response","Emergency Response","227","read","1","79","0","0","0","",""
"Ambala Cell 5 - Emergency Response","Emergency Response","834","read","1","336","2","0","0","",""
"Noida Block 2 - Emergency Response","Emergency Response","205","delivered","1","0","0","0","0","",""
"Noida Unit 4 - Emergency Response","Emergency Response","702","read","1","290","1","0","0","",""
"Sonipat Ward 34 - Emergency Response","Emergency Response","403","read","1","334","0","0","0","",""
"Ambala Circle 8 - Emergency Response","Emergency Response","533","delivered","1","0","0","0","0","",""
"Agra Network 42 - Emergency Response","Emergency Response","1010","delivered","1","0","0","0","0","",""
"Rohtak Cell 5 - Emergency Response","Emergency Response","460","delivered","1","0","0","0","0","",""
"Hisar Council 28 - Emergency Response","Emergency Response","621","read","1","521","0","0","0","",""
"Amritsar Forum 54 - Emergency Response","Emergency Response","113","read","1","54","0","0","0","",""
"Sonipat Circle 8 - Emergency Response","Emergency Response","603","read","1","342","1","0","0","",""
"Meerut Forum 33 - Emergency Response","Emergency Response","606","delivered","1","0","0","0","0","",""
"Kota Cell 6 - Emergency Response","Emergency Response","994","read","1","489","0","0","0","",""
"Faridabad Block 40 - Emergency Response","Emergency Response","432","delivered","1","0","0","0","0","",""
"Faridabad Ward 28 - Emergency Response","Emergency Response","809","read","1","288","0","0","0","",""
"Noida Forum 8 - Emergency Response","Emergency Response","517","read","1","242","0","0","0","",""
"Gurugram Council 1 - Emergency Response","Emergency Response","647","delivered","1","0","0","0","0","",""
"Noida Sector 59 - Emergency Response","Emergency Response","670","read","1","291","2","0","0","",""
"Sonipat Forum 23 - Emergency Response","Emergency Response","138","failed","3","0","0","0","0","131056","Pair rate limit hit"
"Patiala Unit 47 - Emergency Response","Emergency Response","172","read","1","124","0","0","0","",""
"Haridwar Unit 49 - Emergency Response","Emergency Response","770","read","1","382","0","0","0","",""
"Shimla Ward 50 - Emergency Response","Emergency Response","56","read","1","23","2","0","0","",""
"Karnal Chapter 56 - Emergency Response","Emergency Response","57","read","1","20","0","0","0","",""
"Agra Unit 49 - Emergency Response","Emergency Response","757","read","1","233","0","0","0","",""
"Karnal Unit 55 - Emergency Response","Emergency Response","774","read","1","212","3","0","0","",""
"Patiala Chapter 9 - Emergency Response","Emergency Response","679","delivered","1","0","0","0","0","",""
"Gurugram Ward 54 - Emergency Response","Emergency Response","491","read","1","192","0","0","0","",""
"Noida Unit 60 - Emergency Response","Emergency Response","376","read","1","162","0","0","0","",""
"Meerut Unit 3 - Emergency Response","Emergency Response","164","delivered","1","0","0","0","0","",""
"Shimla Network 4 - Emergency Response","Emergency Response","119","read","1","83","0","0","0","",""
"Hisar Council 53 - Emergency Response","Emergency Response","800","delivered","1","0","0","0","0","",""
"Patiala Chapter 41 - Emergency Response","Emergency Response","718","delivered","1","0","0","0","0","",""
"Panchkula Chapter 41 - Emergency Response","Emergency Response","301","delivered","1","0","0","0","0","",""
"Jaipur Circle 37 - Emergency Response","Emergency Response","851","read","1","365","0","0","0","",""
"Noida Ward 21 - Emergency Response","Emergency Response","320","delivered","1","0","0","0","0","",""
"Yamunanagar Ward 49 - Emergency Response","Emergency Response","379","read","1","229","2","0","0","",""
"Rohtak Sector 36 - Emergency Response","Emergency Response","60","delivered","1","0","0","0","0","",""
"Faridabad Cell 28 - Emergency Response","Emergency Response","442","read","1","182","0","0","0","",""
"Rohtak Sector 59 - Emergency Response","Emergency Response","47","read","1","17","0","0","0","",""
"Faridabad Sector 12 - Emergency Response","Emergency Response","384","read","1","303","1","0","0","",""
"Noida Sector 24 - Emergency Response","Emergency Response","806","read","1","323","0","0","1","",""
"Faridabad Block 6 - Emergency Response","Emergency Response","795","read","1","673","0","0","0","",""
"Agra Block 11 - Emergency Response","Emergency Response","365","read","1","149","0","0","0","",""
"Solan Forum 37 - Emergency Response","Emergency Response","236","delivered","1","0","0","0","0","",""
"Gurugram Chapter 59 - Emergency Response","Emergency Response","859","delivered","1","0","0","0","0","",""
"Faridabad Council 52 - Emergency Response","Emergency Response","303","delivered","1","0","0","0","0","",""
"Faridabad Chapter 31 - Emergency Response","Emergency Response","682","read","1","308","2","0","0","",""
"Meerut Cell 9 - Emergency Response","Emergency Response","710","delivered","1","0","0","0","0","",""
"Noida Circle 47 - Emergency Response","Emergency Response","904","read","1","754","3","0","0","",""
"Faridabad Ward 26 - Emergency Response","Emergency Response","888","read","1","487","0","0","0","",""
"Sonipat Network 51 - Emergency Response","Emergency Response","578","read","1","358","0","0","0","",""
"Amritsar Network 38 - Emergency Response","Emergency Response","66","delivered","1","0","0","0","0","",""
"Meerut Unit 47 - Emergency Response","Emergency Response","392","read","1","313","0","0","0","",""
"Jaipur Ward 8 - Emergency Response","Emergency Response","661","read","1","321","0","0","0","",""
"Gurugram Ward 36 - Emergency Response","Emergency Response","813","read","1","533","0","0","0","",""
"Karnal Sector 49 - Emergency Response","Emergency Response","438","delivered","1","0","0","0","0","",""
"Gurugram Unit 50 - Emergency Response","Emergency Response","817","read","1","463","0","0","0","",""
"Bhiwani Circle 42 - Emergency Response","Emergency Response","316","read","1","187","0","0","0","",""
"Dehradun Network 38 - Emergency Response","Emergency Response","369","read","1","123","0","0","0","",""
"Rohtak Forum 26 - Emergency Response","Emergency Response","839","read","1","296","0","0","0","",""
"Rohtak Council 38 - Emergency Response","Emergency Response","183","delivered","1","0","0","0","0","",""
